Question_ID,Questions,Answers
1,Affirmations,"You are deserving of love and compassion."
2,Coping Strategies,"Practice mindfulness to stay present in the moment."
3,Supportive Messages,"You are not alone; there is strength in reaching out for support."
4,Self-Care Tips,"Take a break when needed; self-care is crucial for your well-being."
5,Positive Reminders,"Embrace each day as a new opportunity for growth and healing."
6,Affirmations,"Your journey is unique, and you have the power to shape it positively."
7,Coping Strategies,"Establish healthy boundaries to protect your mental and emotional space."
8,Supportive Messages,"Your feelings are valid, and it's okay to express them openly."
9,Self-Care Tips,"Prioritize rest; a well-rested mind is better equipped to handle challenges."
10,Positive Reminders,"Celebrate your progress, no matter how small; every step forward counts."
11,Affirmations,"You possess the inner strength needed to overcome obstacles."
12,Coping Strategies,"Engage in activities you enjoy to bring joy into your life."
13,Supportive Messages,"Lean on your support system; they care about your well-being."
14,Self-Care Tips,"Connect with nature; it has a soothing effect on the mind and soul."
15,Positive Reminders,"Your resilience is a powerful force; you can navigate through difficulties."
16,Affirmations,"You are not defined by your past; every moment is an opportunity for a fresh start."
17,Coping Strategies,"Journal your thoughts; it can provide clarity and a sense of release."
18,Supportive Messages,"Believe in your ability to overcome challenges; you are stronger than you know."
19,Self-Care Tips,"Nourish your body with nutritious food for overall well-being."
20,Positive Reminders,"You are a work in progress, and that's perfectly okay."
21,Affirmations,"You are worthy of self-love and self-compassion."
22,Coping Strategies,"Practice gratitude to shift your focus to positive aspects of life."
23,Supportive Messages,"Take one step at a time; progress is about the journey, not just the destination."
24,Self-Care Tips,"Engage in creative activities; they can be therapeutic for your mind."
25,Positive Reminders,"Your mental health matters, and seeking help is a sign of strength."
26,Affirmations,"You have the power to create a life that aligns with your values."
27,Coping Strategies,"Focus on what you can control; let go of what is beyond your control."
28,Supportive Messages,"It's okay to ask for help; it's a brave and positive choice."
29,Self-Care Tips,"Create a calming bedtime routine for better sleep and relaxation."
30,Positive Reminders,"Your journey towards healing is a testament to your strength."
31,Affirmations,"You are not defined by your challenges but by how you overcome them."
32,Coping Strategies,"Engage in physical activity to boost your mood and reduce stress."
33,Supportive Messages,"Surround yourself with positive influences; your environment matters."
34,Self-Care Tips,"Set realistic goals; progress is about small steps forward."
35,Positive Reminders,"You are resilient, and challenges are opportunities for growth."
36,Affirmations,"Your unique qualities contribute positively to the world around you."
37,Coping Strategies,"Practice deep breathing to calm your mind during stressful moments."
38,Supportive Messages,"Celebrate your strengths; they are an integral part of who you are."
39,Self-Care Tips,"Unplug from technology; allow yourself moments of digital detox."
40,Positive Reminders,"Your worth is inherent; you don't need to prove it to anyone."
41,Affirmations,"Your voice matters; express your thoughts and feelings with confidence."
42,Coping Strategies,"Learn to say no; setting boundaries is an act of self-respect."
43,Supportive Messages,"Acknowledge your progress; growth is a continuous journey."
44,Self-Care Tips,"Practice a hobby you love to cultivate joy in your daily life."
45,Positive Reminders,"You are a beacon of hope for yourself and others."
46,Affirmations,"Your self-care is a priority, not a luxury."
47,Coping Strategies,"Seek professional help when needed; it's a proactive step towards well-being."
48,Supportive Messages,"You are part of a community that values and supports you."
49,Self-Care Tips,"Surround yourself with positive affirmations and quotes."
50,Positive Reminders,"Your resilience inspires those around you."
51,Affirmations,"You have the capacity for self-compassion and understanding."
52,Coping Strategies,"Identify your stressors and develop healthy coping mechanisms."
53,Supportive Messages,"Share your feelings; vulnerability fosters connection."
54,Self-Care Tips,"Practice progressive muscle relaxation for physical and mental relaxation."
55,Positive Reminders,"You are capable of handling whatever comes your way."
56,Affirmations,"You are more than your thoughts; you are the observer of them."
57,Coping Strategies,"Engage in activities that bring you a sense of accomplishment."
58,Supportive Messages,"Your well-being is a priority; take intentional breaks when needed."
59,Self-Care Tips,"Express gratitude for the positive aspects of your life."
60,Positive Reminders,"Your journey towards healing is a testament to your strength."
61,Affirmations,"Your journey is unique, and you have the power to shape it positively."
62,Coping Strategies,"Establish healthy boundaries to protect your mental and emotional space."
63,Supportive Messages,"Your feelings are valid, and it's okay to express them openly."
64,Self-Care Tips,"Prioritize rest; a well-rested mind is better equipped to handle challenges."
65,Positive Reminders,"Celebrate your progress, no matter how small; every step forward counts."
66,Affirmations,"You possess the inner strength needed to overcome obstacles."
67,Coping Strategies,"Engage in activities you enjoy to bring joy into your life."
68,Supportive Messages,"Lean on your support system; they care about your well-being."
69,Self-Care Tips,"Connect with nature; it has a soothing effect on the mind and soul."
70,Positive Reminders,"Your resilience is a powerful force; you can navigate through difficulties."
71,Affirmations,"You are not defined by your past; every moment is an opportunity for a fresh start."
72,Coping Strategies,"Journal your thoughts; it can provide clarity and a sense of release."
73,Supportive Messages,"Believe in your ability to overcome challenges; you are stronger than you know."
74,Self-Care Tips,"Nourish your body with nutritious food for overall well-being."
75,Positive Reminders,"You are a work in progress, and that's perfectly okay."
76,Affirmations,"You are worthy of self-love and self-compassion."
77,Coping Strategies,"Practice gratitude to shift your focus to positive aspects of life."
78,Supportive Messages,"Take one step at a time; progress is about the journey, not just the destination."
79,Self-Care Tips,"Engage in creative activities; they can be therapeutic for your mind."
80,Positive Reminders,"Your mental health matters, and seeking help is a sign of strength."
81,Affirmations,"You have the power to create a life that aligns with your values."
82,Coping Strategies,"Focus on what you can control; let go of what is beyond your control."
83,Supportive Messages,"It's okay to ask for help; it's a brave and positive choice."
84,Self-Care Tips,"Create a calming bedtime routine for better sleep and relaxation."
85,Positive Reminders,"Your journey towards healing is a testament to your strength."
86,Affirmations,"You are not defined by your challenges but by how you overcome them."
87,Coping Strategies,"Engage in physical activity to boost your mood and reduce stress."
88,Supportive Messages,"Surround yourself with positive influences; your environment matters."
89,Self-Care Tips,"Set realistic goals; progress is about small steps forward."
90,Positive Reminders,"You are resilient, and challenges are opportunities for growth."
91,Affirmations,"Your unique qualities contribute positively to the world around you."
92,Coping Strategies,"Practice deep breathing to calm your mind during stressful moments."
93,Supportive Messages,"Celebrate your strengths; they are an integral part of who you are."
94,Self-Care Tips,"Unplug from technology; allow yourself moments of digital detox."
95,Positive Reminders,"Your worth is inherent; you don't need to prove it to anyone."
96,Affirmations,"Your voice matters; express your thoughts and feelings with confidence."
97,Coping Strategies,"Learn to say no; setting boundaries is an act of self-respect."
98,Supportive Messages,"Acknowledge your progress; growth is a continuous journey."
99,Self-Care Tips,"Practice a hobby you love to cultivate joy in your daily life."
100,Positive Reminders,"You are a beacon of hope for yourself and others.